frame,pixel,t,s,v
0,493,1.83,22,0 
10,497,1.87211,21.842,3.75179 
20,515,1.91421,21.1312,16.8832 
30,549,1.95632,19.7884,31.8903 
40,599,1.99842,17.8138,46.8977 
50,661,2.04053,15.3652,58.153 
60,734,2.08263,12.4822,68.4707 
70,820,2.12474,9.08587,80.6641 
80,910,2.16684,5.53152,84.4154 
90,1000,2.20895,1.97717,84.4159 
95,1045,2.23,0.2,84.4159 
