frame,pixel,t,s,v
0,486,2.23,22.1,0 
10,493,2.27176,21.8276,6.52403 
20,522,2.31352,20.6989,27.0283 
30,564,2.35527,19.0643,39.1442 
40,623,2.39703,16.7681,54.9883 
50,693,2.43879,14.0438,65.2403 
60,769,2.48055,11.0859,70.8327 
70,857,2.52231,7.66108,82.0164 
80,948,2.56407,4.11946,84.8124 
90,1040,2.60582,0.538919,85.7449 
91,1041,2.61,0.5,9.32001 
