frame,pixel,t,s,v
0,488,2.41,21.3,0 
10,491,2.45316,21.1872,2.61456 
20,507,2.49632,20.5854,13.9443 
30,543,2.53947,19.2313,31.3748 
40,594,2.58263,17.313,44.4477 
50,656,2.62579,14.981,54.0344 
60,728,2.66895,12.2729,62.7493 
70,817,2.71211,8.92532,77.5655 
80,906,2.75526,5.57776,77.5655 
90,996,2.79842,2.19258,78.437 
95,1041,2.82,0.5,78.4366 
