frame,pixel,t,s,v
0,493,3.52,22,0 
10,494,3.56184,21.9612,0.927625 
20,502,3.60367,21.6507,7.42096 
30,534,3.64551,20.4088,29.6839 
40,582,3.68735,18.546,44.5258 
50,644,3.72918,16.1399,57.5125 
60,714,3.77102,13.4233,64.9335 
70,794,3.81286,10.3186,74.2097 
80,882,3.85469,6.90343,81.6307 
90,973,3.89653,3.37184,84.4136 
98,1047,3.93,0.5,85.8049 
