frame,pixel,t,s,v
0,498,1.7,21.8,0 
10,501,1.74227,21.6809,2.81815 
20,514,1.78454,21.1647,12.212 
30,550,1.8268,19.7353,33.8178 
40,596,1.86907,17.9088,43.2116 
50,650,1.91134,15.7647,50.7268 
60,721,1.95361,12.9456,66.6962 
70,805,1.99588,9.61029,78.9082 
80,889,2.03814,6.275,78.9084 
90,979,2.08041,2.70147,84.544 
97,1042,2.11,0.2,84.5448 
